{
  "pairs": [
    {
      "X0": -0.0787935835398035,
      "Y0": -0.0503911018275449,
      "X1": -0.0906220843002029,
      "Y1": -0.0857522561305790
    },
    {
      "X0": 71.9803454409569952,
      "Y0": 71.9781465175448858,
      "X1": 122.9862384572650456,
      "Y1": 122.9917042728097982
    },
    {
      "X0": 143.9619256722687624,
      "Y0": 143.9175931148355687,
      "X1": 245.9232824471450272,
      "Y1": 245.9480819266081255
    }
  ]
}